y_value,node_depth,score_strong_branching
0.656863,1,-978.967
0.640164,1,-143.417
0.0683143,2,-292.867
0.682836,2,-559.499
0.0101937,3,-890.887
0.0538247,3,-310.447
0.697095,4,-879.431
0.00233022,4,-274.241
0.72517,5,-627.559
0.739599,5,-315.741
0.156603,6,-338.166
0.0708692,6,-845.508
